community,children,sex,age,treatment,deaths,persontime
ABOUJA:TOULLOU MAIMASSA:LOGA-2,136,0.55147058,30.617647,1,6,85002.5
ADABEY:KOURO BERI:LOGA-1,119,0.50420171,28.831932,0,4,67180.5
ALFA KOIRA (GUILLADJE):GUILLADJE:BOBOYE-2,165,0.5030303,30.315151,0,8,120097.5
ALFA KOIRA (KOTAKI):KOTAKI:BOBOYE-4,63,0.36507937,29.968254,0,7,106894.5
ALFABIRE MOUMOUNI:HARIKANASSOU:BOBOYE-3,85,0.63529414,35.564705,1,2,66596
ALFAGAI KOTAKI:TEGUEZE KOIRA:LOGA-2,98,0.52040815,28.938776,1,6,64161.5
ALFAGUEY (gayey):LOGA:LOGA-2,198,0.57575756,31.722221,0,11,162227
ALFAGUEY:KOSSEY:LOGA-1,24,0.66666669,29.041666,0,0,18727
ALHER (ALGER):SARGADJI:LOGA,91,0.52747256,34.0989,0,5,72964.5
ALKAWAL ZERMA:KOURINGUEL:BOBOYE-4,97,0.50515461,31.876289,1,2,71785
ALLEROU:GUILLADJE:BOBOYE-2,97,0.49484536,31.659794,1,3,61213.5
ALLOUGUEL KOIRA TEGUI:SABOULA:BOBOYE-5,36,0.58333331,28.611111,1,0,27418.5
ALPHAYZE DEY:KOSSEY:LOGA-1,70,0.44285715,32.214287,1,5,45191.5
ALZANA TOUMBO:ZOUZOU BERI:BOBOYE,53,0.6226415,31.037735,1,4,42076.5
ALZANNA FANDOU:TINOMA:BOBOYE-5,52,0.46153846,26.788462,1,3,41036.5
BABA KOIRA:LOGA:LOGA-2,115,0.52173913,29.765217,1,4,78060.5
BADARADEY:LOGA:LOGA-2,72,0.44444445,32.972221,0,6,45698
BADOKO:LOGA:LOGA-2,507,0.47140038,30.706114,0,29,367037.5
BAGANI:KOBODEYE:BOBOYE,49,0.48979592,31.346939,0,2,41811.5
BAKIR TOMBO:LOGA:LOGA-2,169,0.48520711,30.485207,1,11,123548.5
BAKIRI TCHIRE TOMBO:LOGA:LOGA-2,188,0.53723407,31.090425,1,10,130580.5
BAKO KO IRA:FANDOU:BOBOYE-2,57,0.45614034,30.421053,1,3,52640.5
BALEDEY DAGABA:LOGA:LOGA,66,0.62121212,29.075758,0,3,47893
BALI BALI:FABIDJI:BOBOYE-2,234,0.47008547,29.021368,1,15,149757
BALIDEY BABA DENI:LOGA:LOGA-2,125,0.50400001,29.903999,1,6,77853.5
BALIDEY WANZAMKOARA:LOGA:LOGA,88,0.40909091,32.238636,1,2,59826
BALLARE KOIRA TEGUI:KIOTA:BOBOYE-3,116,0.51724136,31.077587,1,3,86555
BALLARE KOIRA ZENO:KIOTA:BOBOYE-3,54,0.4074074,26.722221,1,3,43158.5
BALLAREY:TINOMA:BOBOYE-5,71,0.50704223,33.183098,0,2,62212.5
BAMEY:BAMEY:LOGA-1,371,0.53638816,32.067387,0,8,311756
BANGARIO BABA ZERMA:KOURINGUEL:BOBOYE-4,34,0.44117647,29.882353,0,1,37963.5
BANGARIO MOUSSA:KIOTA:BOBOYE-3,142,0.47183099,30.612677,1,13,105154
BANGARIO ZOU:KIOTA:BOBOYE-3,92,0.47826087,29.619566,0,3,69626
BANGOU BANDA:BOSSIA:BOBOYE-1,56,0.60714287,28.892857,0,3,41617
BANGOU KIREY BELLA:KOYGOLO:BOBOYE-4,81,0.45679012,29.592592,0,5,48254
BANGOU KOUKOU:KANKANDI:BOBOYE-3,297,0.4848485,29.441078,1,10,212105.5
BANGOU TCHISSA BENE:SABOULA:BOBOYE-5,72,0.5138889,29.666666,0,3,43943.5
BANGOUROUAL (FANDOU):FANDOU:BOBOYE-2,79,0.60759491,29.29114,1,3,62432
BANGOUROUAL:FANDOU:BOBOYE-2,98,0.59183675,32.561226,1,2,85845
BANI GOROU:LOGA:LOGA-2,67,0.61194032,34.119404,0,4,50836
BANI ZOUMBOU (BOUKI):BOUKI:LOGA-1,18,0.6111111,30.166666,0,0,15032
BANI ZOUMBOU (ZOUZOU SANEY):ZOUZOU SANEY:BOBOYE-5,69,0.52173913,30.072464,1,5,54011.5
BANIZOUMBOU (BIRNI):BIRNI:BOBOYE-1,146,0.56849313,30.698629,1,2,97137.5
BANIZOUMBOU (MOUSSADEY BERI):MOUSSADEY BERI:LOGA-2,156,0.55128205,31.77564,0,6,126330.5
BANIZOUMBOU (Samaridey):KOGOU:LOGA-1,101,0.42574257,29.861385,1,9,62354
BANIZOUMBOU (Toullou):TOULLOU MAIMASSA:LOGA-2,120,0.5,31.108334,0,11,76551.5
BARBE PEULH:TINOMA:BOBOYE-5,60,0.51666665,35.599998,1,3,37002.5
BARBE SIRE:TINOMA:BOBOYE-5,45,0.62222224,40,1,0,21694.5
BARBE TONGA KAINA:TINOMA:BOBOYE-5,81,0.5925926,34.160492,0,2,51547.5
BARDE GOROU BERI:TINOMA:BOBOYE-5,33,0.57575756,29.454546,1,2,31782.5
BARDE KOIRA TEGUI:TINOMA:BOBOYE-5,12,0.5,40.5,1,2,12141
BARDE OGGA:TINOMA:BOBOYE-5,64,0.484375,32.84375,0,5,43466.5
BARDE SENO:TINOMA:BOBOYE-5,58,0.63793105,34.931034,0,5,74597.5
BARKEL DABA:SABOULA:BOBOYE-5,165,0.53333336,28.20606,1,11,93184.5
BARKIRE KOIRA:KIOTA:BOBOYE-3,123,0.57723576,27.804878,1,2,88016.5
BASSAROU:MALLAN KOIRA:LOGA-2,81,0.46913579,32.407406,1,1,54157
BASSI ZARMA:BELANDE:BOBOYE-1,277,0.50902528,30.057762,0,21,180213.5
BATAMA BERI:BIRNI:BOBOYE-1,240,0.47916666,32.883335,1,7,135805.5
BATAMBERI:MALLAN KOIRA:LOGA-2,433,0.51732099,29.972286,1,22,297680.5
BATARA:ZOUZOU BERI:BOBOYE-5,18,0.66666669,31.5,0,2,14214
BATOURE (koira)DEY:BOUKI:LOGA-1,54,0.4074074,32.166668,0,8,49582
BAZIGUI GOROU:SARGADJI:LOGA-2,207,0.51207727,33.227055,0,7,165882.5
BELANDE DJERMA KAINA:BELANDE:BOBOYE-1,348,0.51724136,29.359196,0,8,227625
BELANDE PEULH:BELANDE:BOBOYE-1,51,0.43137255,31.137255,1,5,35115.5
BELANDE SILENKEY:BELANDE:BOBOYE-1,150,0.49333334,30.286667,1,4,91299.5
BELARE:GUILLADJE:BOBOYE-2,58,0.43103448,30.344828,0,2,49261
BELLA BERI KOARA:FALWEL:LOGA-1,105,0.47619048,32.771427,0,7,65567.5
BELLA KOIRA:KOURINGUEL:BOBOYE-4,151,0.48344371,32.178806,1,2,115730.5
BERE WINDI:LOGA:LOGA,134,0.46268657,31.179104,0,6,101269
BIGA TOUNGA:KOISSI:BOBOYE-4,51,0.4509804,32.901962,1,6,28935
BILLINGOL PEULH:FANDOU:BOBOYE-2,69,0.53623188,33.536232,0,3,54314
BILLINGOL ZARMA:FANDOU:BOBOYE-2,127,0.48818898,34.425198,1,8,87149.5
BILLO SINIDJE:KOBODEYE:BOBOYE-3,25,0.40000001,36.48,1,1,17056
BINGUEL BABA KOIRA:FABIDJI:BOBOYE-2,97,0.45360824,28.556702,0,7,48328
BIRNI KAINA:BIRNI:BOBOYE-1,29,0.82758623,34.586208,0,0,39853
BIRNIEL ALFARI:FANDOU:BOBOYE-2,145,0.48275861,27.924137,1,6,127276.5
BIRNIEL IBRAHIM:FABIDJI:BOBOYE-2,323,0.50154799,29.835913,1,9,204395
BIRNIEL KABADO:FABIDJI:BOBOYE-2,51,0.60784316,28.90196,1,4,27830
BOBIEL PEULH:HAOULAWAL:BOBOYE-3,70,0.52857143,30.171429,1,3,53602.5
BOGODJOTI:KOYGOLO:BOBOYE-4,48,0.64583331,34.020832,1,1,36938
BOGOL HIMA:HARIKANASSOU:BOBOYE-3,278,0.53597122,31.18705,0,13,224638.5
BOGOL MAMAR:HARIKANASSOU:BOBOYE-3,116,0.56896549,33.862068,1,3,88142
BOKIEL:FANDOU:BOBOYE-2,50,0.60000002,31.700001,1,0,34414.5
BOMBODJI:KOISSI:BOBOYE-4,98,0.47959185,26.367348,1,8,69494.5
BOMBOHI GANDA:FABIDJI:BOBOYE-2,60,0.41666666,31.316668,0,5,39645
BOMBOHI:FABIDJI:BOBOYE-2,108,0.37962964,28.962963,0,8,60903.5
BORGA:BELANDE:BOBOYE-1,76,0.52631581,28.026316,1,4,44524.5
BOSSADJE PEULH:KOFFO:BOBOYE-4,63,0.55555558,31.174603,0,3,42091
BOSSADJE:KOFFO:BOBOYE-4,285,0.52631581,32.035088,0,22,219046
BOSSEY ZOUGOU BENE:FANDOU:BOBOYE-2,105,0.45714286,30.75238,1,6,90747.5
BOSSEY ZOUGOU GANDA:FANDOU:BOBOYE-2,59,0.50847459,28.372881,1,2,45915
BOSSEY ZOUGOU:FANDOU:BOBOYE-2,20,0.44999999,25.75,0,1,17171
BOSSEY:SABOULA:BOBOYE-5,449,0.49443206,28.797327,1,21,281257
BOSSIA PEULH:BOSSIA:BOBOYE-1,69,0.60869563,33.507248,0,4,37187.5
BOSSIA:BOSSIA:BOBOYE-1,145,0.5724138,33.220688,0,3,94692.5
BOULA KARGUI DJERMA:HARIKANASSOU:BOBOYE-3,174,0.59195405,32.275864,1,8,131888.5
BOULABALE:BIRNI:BOBOYE-1,32,0.3125,29.65625,1,2,26404
BOULAGA DJERMA:GOUBEZENO:BOBOYE-2,108,0.50925928,34.666668,0,1,82880.5
BOULAGA PEULH:GOUBEZENO:BOBOYE-2,34,0.47058824,34.264706,1,4,23680.5
BOULAL GAOURI PEULH:BIRNI:BOBOYE-1,68,0.64705884,34.720589,0,3,44011.5
BOULEL GAOURI ZARMA:BIRNI:BOBOYE-1,78,0.46153846,29.641026,1,0,53669.5
BOULEL GAOURI:BIRNI:BOBOYE-1,80,0.4375,32.75,1,1,59071.5
BOULOUNGAYE:SABOULA:BOBOYE-5,229,0.50655019,30,1,3,143173.5
BOUMBA:KOTAKI:BOBOYE-4,558,0.53225809,28.338709,1,23,356452
BOUNDI CIMENT:BOSSIA:BOBOYE-1,28,0.6785714,33.535713,0,1,20779
BOUNDOU GOUMEY:KANKANDI:BOBOYE-3,259,0.47876447,31.613899,0,7,191615.5
BOUNDOU KONKEYE:FANDOU:BOBOYE-2,102,0.5,31.686274,1,1,71120
BOURINGA BERI:GUILLADJE:BOBOYE-2,64,0.484375,28.359375,1,5,45462.5
BOURINGA KAINA:GUILLADJE:BOBOYE-2,66,0.5,30.242424,1,2,44789.5
BOYBANGOU PEULH:TONKOSSARE:BOBOYE-5,97,0.50515461,29.474226,1,1,61728
BOYIZE:KOTAKI:BOBOYE-4,109,0.56880736,29.6789,1,7,74002.5
BRIGAMBOU:BOSSIA:BOBOYE-1,191,0.50261778,29.020943,0,10,135721
CHEKOU KOIRA:SABOULA:BOBOYE-5,72,0.58333331,30.611111,1,4,46628
DABAGA:BIRNI:BOBOYE-1,189,0.50264549,32.222221,1,4,127755
DABEY:TONKOSSARE:BOBOYE-5,64,0.515625,30.6875,0,2,34593.5
DAGABA BERI:BOUKI:LOGA-1,133,0.57894737,32.458645,1,6,104418.5
DAGABA MAI YAKI KOIRA:SARGADJI:LOGA,169,0.47928995,30.964497,0,8,150916
DAN I HA (DAN IYA):GUILLADJE:BOBOYE-2,81,0.50617284,28.432098,1,2,41707.5
DANAL KOIRA (DAWAL KOIRA):GUILLADJE:BOBOYE-2,124,0.57258064,32.05645,0,9,71043.5
DANBAZI:LOGA:LOGA-2,88,0.5,31.295454,0,7,65522.5
DANDIRE:ZOUZOU SANEY:BOBOYE-5,54,0.4074074,29.148148,0,3,47021
DANEY:TONKOSSARE:BOBOYE-5,68,0.5147059,25.07353,1,2,51345
DAR EL SALAM:ZOUZOU BERI:BOBOYE-5,150,0.56,32.826668,0,10,107920
DAR ES SALAM KO IRA:KOFFO:BOBOYE-4,213,0.61502349,30.553991,0,8,131303.5
DAR SALAM BALI BALI:FABIDJI:BOBOYE-2,34,0.41176471,26.32353,0,1,21280.5
DAR SALAM:TEGUEZE KOIRA:LOGA-2,98,0.59183675,29.959183,0,7,64307
DAR-SALAM:DARSALAM:LOGA-1,376,0.52393615,30.678192,1,18,235691
DARESSALAM KOIRA:KOFFO:BOBOYE-4,135,0.52592593,30.451853,0,7,86773.5
DAREY KOIRA:TEGUEZE KOIRA:LOGA-2,89,0.51685393,28.707865,0,8,56927
DAREY:SARGADJI:LOGA-2,80,0.46250001,33.862499,1,7,56675
DEBE DEBE PEULH:KANKANDI:BOBOYE-3,74,0.4054054,28.256756,1,4,47130.5
DEBE DEBE ZARMA:KANKANDI:BOBOYE-3,342,0.47076023,29.611111,0,14,247280.5
DEITAGUI AMADOU:FABIDJI:BOBOYE-2,253,0.56126481,27.992094,0,17,140305
DEY TAGUI BERI:LOGA:LOGA-2,284,0.47887325,31.566902,1,13,184391.5
DEY TEGUI MADE:KOGOU:LOGA-1,247,0.49392712,33,1,9,165593
DEY TEGUI MALAN KAINE:KOSSEY:LOGA-1,100,0.52999997,29.370001,1,5,75215
DEY TEGUI MOUSSA (BELANDE):BELANDE:BOBOYE-1,193,0.5699482,29.860104,1,5,127641
DEY TEGUI MOUSSA (KOURO BERI):KOURO BERI:LOGA-1,173,0.45086706,30.653179,1,9,107993.5
DEY TEGUI SAMSOU:AYO KOIRA:LOGA-1,190,0.53684211,32.952633,0,16,130597.5
DEY TEGUI YAMBA:TEGUEZE KOIRA:LOGA-2,148,0.50675678,30.344595,0,6,93098.5
DEYIZE HAIFOUMO (DOUSSOU GOUNG:KOISSI:BOBOYE-4,36,0.52777779,31.388889,1,4,24110
DEYIZE HEFOUNA (BANIZOUMBOU):KOISSI:BOBOYE-4,260,0.53846157,30.534615,1,18,183847.5
DEYTAGUI GOUBEY:GOUBEZENO:BOBOYE-2,142,0.50704223,29.683098,1,2,104840.5
DEYTAGUI SONRA:GOUBEZENO:BOBOYE-2,47,0.44680852,32.787235,0,2,36432
DIAOU DIRE:KOFFO:BOBOYE-4,76,0.47368422,30.526316,0,5,55440.5
DIAWANDO FANDOU:KOFFO:BOBOYE-4,195,0.50256413,29.358974,0,7,130031
DIKKI:MADOU:LOGA-2,237,0.48523206,31.405064,0,15,193257.5
DINEY BERI:LOGA:LOGA-2,21,0.33333334,27.857143,0,3,13917.5
DINEY ZOUGOU PEULH:YENI:BOBOYE-5,66,0.4848485,31.09091,0,2,52317
DINEY ZOUGOU:YENI:BOBOYE-5,151,0.59602648,30.410597,0,1,100729
DIOGA KOIRA:BAMEY:LOGA-1,88,0.53409094,33.897728,0,4,74381.5
DJABALI FANDOU:GUILLADJE:BOBOYE-2,111,0.51351351,29.198198,0,1,70822.5
DJABALI ZARMA:TONKOSSARE:BOBOYE-5,97,0.59793812,31.907217,0,3,65789.5
DJABOU KIRIA:KOTAKI:BOBOYE-4,261,0.49042144,28.773947,0,13,167395
DJAMDAROUAL:KARRA:BOBOYE-3,79,0.58227849,31.025316,0,0,62048
DJAMDJAMA BILLINGOL:FABIDJI:BOBOYE-2,50,0.40000001,30.559999,0,1,31310.5
DJANDJAMA:GUILLADJE:BOBOYE-2,96,0.54166669,26.291666,1,1,66053.5
DJANTEGA (MAROU BERI:KOFFO:BOBOYE-4,66,0.62121212,33.151516,0,1,48240.5
DJAROUDJE:GUILLADJE:BOBOYE-2,46,0.65217394,28.673914,1,1,20347.5
DJEYI BANGOU:FABIDJI:BOBOYE-2,71,0.45070422,29.140844,1,5,55587.5
DJIANKOTA:BELANDE:BOBOYE-1,99,0.46464646,29.939394,0,6,43288
DJIBO DEY (Loga):LOGA:LOGA-2,152,0.53947371,29.611841,0,10,107018.5
DJOUGOUDEY:TONKOSSARE:BOBOYE-5,55,0.47272727,30.745455,0,2,60078.5
DOLDOL:BIRNI:BOBOYE-1,262,0.53435117,32.793892,1,11,184588.5
DOLLOGA DJERMA:FABIDJI:BOBOYE-2,354,0.50847459,27.711864,0,22,202879
DOLLOGA PEULH:FABIDJI:BOBOYE-2,37,0.48648649,29.783783,1,1,20554
DONOUDIBI DJERMA:BIRNI:BOBOYE-1,151,0.47682118,28.337748,0,3,102789
DORODJI:KOURO BERI:LOGA-1,161,0.50310558,30.981367,1,4,95093.5
DOSSADO:KOISSI:BOBOYE-4,62,0.5,32.790321,1,2,40316
DOU ZARMA (KOYDOU ZARMA):YENI:BOBOYE-5,94,0.67021275,31.468084,1,2,84483.5
DOUBI DANA ALI:KARRA:BOBOYE-3,104,0.58653843,31.701923,0,5,61401
DOUBI DANA DJERMA:KARRA:BOBOYE-3,94,0.59574467,31.414894,1,4,69393
DOUBI DANA FOGA:KARRA:BOBOYE-3,87,0.43678162,29.597702,1,3,80039.5
DOULOUWEL BELLE:HARIKANASSOU:BOBOYE-3,71,0.57746476,29.774649,0,1,66638.5
DOULOUWEL DJERMA:HARIKANASSOU:BOBOYE-3,62,0.48387095,35.564518,0,4,52121.5
DOULOUWEL PEULH:HARIKANASSOU:BOBOYE-3,74,0.44594595,34.945946,0,5,71395
DOUNDOU GOROU:TEGUEZE KOIRA:LOGA-2,78,0.44871795,33.487179,1,2,53993.5
DOURGOUNA:SOKORBE:LOGA-2,101,0.5247525,31.712872,1,7,89471
FADA:BIRNI:BOBOYE-1,147,0.48979592,31.503401,0,1,82533
FAKARA KALLEY:KOGOU:LOGA-1,121,0.48760331,27.23967,1,11,81491.5
FALMADO:SABOULA:BOBOYE-5,180,0.51666665,28.6,0,7,109978.5
FALMEY KAINA:FALMEY:BOBOYE-2,135,0.51111114,29.518518,1,4,87089
FALMEY PEULH:FALMEY:BOBOYE-2,40,0.47499999,30.4,1,2,23044
FAN DO U DJADI:HARIKANASSOU:BOBOYE-3,109,0.5321101,30.807339,1,5,83053
FAN DO U DJIBO:HARIKANASSOU:BOBOYE-3,54,0.53703701,29.814816,1,5,43041.5
FAN DO U:KOFFO:BOBOYE-4,23,0.60869563,30.086956,1,1,21790
FAN DOUBALI BALI:FANDOU:BOBOYE-2,294,0.55782312,30.612246,1,3,193368.5
FANDOGA (KOKIREY:KOKIRE MODI:LOGA-1,55,0.5090909,30.636364,0,4,34100.5
FANDOGA DJOBEIZE KOIRA:TONKOSSARE:BOBOYE-5,78,0.5,29.064102,0,6,46536
FANDOU SEKOU KOUARA:MOUSSADEY BERI:LOGA,422,0.49526066,33.232227,1,19,352061
FANTOU (BERI YAYE):KOKIRE MODI:LOGA-1,112,0.44642857,32.651787,0,7,70469
FANTOUYAN:LOGA:LOGA-2,60,0.51666665,32.983334,1,2,42511.5
FAREIZE:SABOULA:BOBOYE-5,103,0.55339807,30.805826,1,2,77269
FAREY GOROU KAINA:MOUSSADEY BERI:LOGA,156,0.5,30.108974,1,7,124043.5
FATALARE:FANDOU:BOBOYE-2,111,0.54954952,28.837837,0,4,98472
FONDOGA LYBIE:FABIDJI:BOBOYE-2,30,0.40000001,28.666666,1,1,20110
FONDOGA TINNI BABA:FABIDJI:BOBOYE-2,54,0.48148149,29.962963,1,5,39554
FONI KOIRA:LOGA:LOGA,118,0.47457626,31.279661,0,8,86976
FOU LAN ZAM:KOURINGUEL:BOBOYE-4,63,0.42857143,29.888889,0,2,54775.5
GABI KANE:LOGA:LOGA-2,227,0.43612334,30.356829,0,31,182038.5
GAMSA ZOUGOU:KOURINGUEL:BOBOYE-4,74,0.45945945,31,0,2,70331.5
GANDATCHE (KARRA):KARRA:BOBOYE-3,73,0.52054793,30.164383,0,4,47026.5
GANDATCHE (TONKOSSARE):TONKOSSARE:BOBOYE-5,46,0.65217394,32.391304,1,3,34107
GANGANI BERI:KOURINGUEL:BOBOYE-4,26,0.61538464,37.076923,0,0,31504
GARBEY GOROU:LOGA:LOGA-2,185,0.51351351,29.594595,0,10,147260.5
GARBOU:GUILLADJE:BOBOYE-2,57,0.33333334,27.929825,1,3,47297
GARDI BELLAH:KOYGOLO:BOBOYE-4,72,0.65277779,34.638889,1,2,51942
GARDI BERI DJERMA:KOYGOLO:BOBOYE-4,247,0.43319839,30.813765,1,11,184349
GARDI MAGUIS KOIRA:KOYGOLO:BOBOYE-4,81,0.50617284,32.975307,1,4,60594.5
GARDIE:FALWEL:LOGA-1,314,0.477707,29.649681,0,12,208478
GAROU BANDA 1:BIRNI:BOBOYE-1,218,0.61467892,30.770641,1,1,120870
GAROU BANDA VA:BIRNI:BOBOYE-1,32,0.65625,39.15625,1,1,17763.5
GAROU DJERMA:BIRNI:BOBOYE-1,153,0.55555558,31.810457,1,8,113938
GAROU PEULH:BIRNI:BOBOYE-1,121,0.49586776,34.966942,1,6,79747
GAROUBEYE:TINOMA:BOBOYE-5,185,0.45945945,31.318918,1,4,119578
GASSI:BOUKI:LOGA-1,220,0.51363635,31.622726,0,20,183986
GNANFEREY:TONKOSSARE:BOBOYE-5,155,0.54838711,29.458065,1,2,105558
GNARGANDE BERI:KANKANDI:BOBOYE-3,121,0.53719008,31.694216,0,11,92240
GNIKOLI:SARGADJI:LOGA-2,82,0.43902439,33.621952,1,3,54862.5
GNOUMAY KAGOUROU PEULH:BIRNI:BOBOYE-1,90,0.47777778,31.211111,0,0,51374.5
GNOUMAY KAGOUROU ZARMA:BIRNI:BOBOYE-1,134,0.52238804,34.507462,0,2,74693.5
GOBERI ELH:FABIDJI:BOBOYE-2,74,0.2972973,27.094595,1,3,55120.5
GOBERI GOUBEY:FABIDJI:BOBOYE-2,317,0.51735014,29.365931,0,9,186188.5
GOBERI NIAMAGALE:FABIDJI:BOBOYE-2,213,0.61971831,31.12676,0,14,128207.5
GOBERI NIAMANGAL (PEULH):FABIDJI:BOBOYE-2,134,0.5970149,31.694031,1,2,67453
GOBIRKO BERI (BANIZOUMBOU):KOBODEYE:BOBOYE-3,292,0.58904111,28.955479,0,32,213192.5
GOBIRKO BERI (ZANGUINA):KOBODEYE:BOBOYE-3,194,0.48453608,29.613401,1,28,150372.5
GOMBEWA:KOBODEYE:BOBOYE-3,258,0.55038762,32.217052,1,26,174090
GONAN DADJI:KOURO BERI:LOGA-1,77,0.49350649,31.584415,1,3,41173.5
GONDA KOIRA ZENO:AYO KOIRA:LOGA-1,55,0.56363636,31,1,1,38821.5
GONGA KAINA TOMBO:AYO KOIRA:LOGA-1,75,0.51999998,31.053333,1,3,50801
GONGA KAINA:LOGA:LOGA-2,103,0.45631069,30.009708,1,7,68560
GONGAFO PEULH:TONKOSSARE:BOBOYE-5,112,0.51785713,28.160715,0,3,53806.5
GONGAIZE KOIRA:LOGA:LOGA-2,198,0.530303,30.818182,1,17,136076.5
GONGOU-KOIRA:KOKIRE MODI:LOGA-1,65,0.60000002,31.923077,0,4,45777
GONGUEYE:KOTAKI:BOBOYE-4,359,0.51810586,29.467966,0,26,249791.5
GOROU BANDA:GUILLADJE:BOBOYE-2,43,0.60465115,29.488373,1,2,30464.5
GOROU GUINDE:BOUKI:LOGA-1,91,0.3956044,31.032967,0,7,81865.5
GOROU KAINA:KIOTA:BOBOYE-3,153,0.58169937,28.398693,1,4,117912.5
GOROUBERI YERIMA:TOULLOU MAIMASSA:LOGA-2,362,0.53038675,29.950275,0,31,237969.5
GOUBEY DEY (KOSSEY):KOSSEY:LOGA-1,94,0.53191489,29.287233,0,7,66551
GOUBEY DEY (TEGUEZE KOIRA):TEGUEZE KOIRA:LOGA-2,248,0.49596775,30.112904,1,12,168297
GOUBEY DEY SIDDO:TOULLOU MAIMASSA:LOGA-2,120,0.48333332,31.775,0,12,74404.5
GOUBEY:SOKORBE:LOGA-2,158,0.50632912,32.816456,0,12,129064.5
GOUBEYDEY MALLAM:MALLAN KOIRA:LOGA-2,52,0.57692307,30.057692,1,2,30634
GOULME:AYO KOIRA:LOGA-1,121,0.43801653,32.338844,1,6,86182.5
GOUMADEY I:KIOTA:BOBOYE-3,69,0.46376812,30.376812,0,3,49389
GOUMADEY II:KIOTA:BOBOYE-3,59,0.52542371,30.694916,1,1,43115.5
GOUMBI (KONGORE:GOUBEZENO:BOBOYE-2,78,0.47435898,31.846153,0,7,56450.5
GOUNINO KOIRA:TEGUEZE KOIRA:LOGA-2,196,0.47959185,33.612244,1,7,135131.5
GOUNIZE:DARSALAM:LOGA-1,319,0.52978057,31.789968,0,14,216339
GOUNOUBI KAINA:KOURINGUEL:BOBOYE-4,88,0.45454547,29.795454,0,3,57352
GOUNOUBI:KOFFO:BOBOYE-4,197,0.49238577,32.228428,1,2,118196
GOUTOUMBOU:MOUSSADEY BERI:LOGA-2,220,0.53181821,33.30909,0,15,174096.5
GUIDA KOIRA (dey):KOSSEY:LOGA-1,61,0.54098362,32.409836,0,1,40352.5
GUIDA MARIO:LOGA:LOGA-2,139,0.50359714,28.978416,1,11,90225.5
GUIDAL PEULH:KOBODEYE:BOBOYE-3,52,0.44230768,31.961538,0,1,31558.5
GUIDAL:KOBODEYE:BOBOYE-3,237,0.59071732,28.012659,1,17,179681.5
GUILLARE DJERMA:BIRNI:BOBOYE-1,199,0.6130653,34.899498,1,5,137648.5
GUINDE GOLMAWALI:TONKOSSARE:BOBOYE-5,72,0.44444445,27.541666,1,2,48985
GUIRI GOROU:KOKIRE MODI:LOGA-1,400,0.495,30.9,1,21,272440
GUIRIBANI KOIRA:KANKANDI:BOBOYE-3,84,0.52380955,27.166666,1,2,62755
HABIRI:BELANDE:BOBOYE-1,166,0.50602412,30.162651,0,8,107792.5
HAMDALAHI (SOUDJEDEY):KOURO BERI:LOGA-1,221,0.4841629,30.402716,0,5,134905.5
HAMDALLAHI HAMA:SABOULA:BOBOYE-5,135,0.53333336,28.274075,0,10,88297
HAMDILLAHI (FORSSEY):TOULLOU MAIMASSA:LOGA-2,66,0.54545456,28.636364,0,4,41868
HANDOU KOUARA:KOYGOLO:BOBOYE-4,107,0.57009345,31.093458,0,2,90689
HAOUKOY WINDI:LOGA:LOGA-2,118,0.47457626,31.152542,1,2,79825.5
HAOULAWAL PEULH:HAOULAWAL:BOBOYE-3,75,0.53333336,33.613335,1,1,62442
HAOULAWAL ZARMA:HAOULAWAL:BOBOYE-3,147,0.46938777,30.367348,1,5,130993
HAREY GAMEY (SAKEY:GOUBEZENO:BOBOYE-2,26,0.53846157,28.538462,1,0,17629
HARIKANASSOU (ALPHAGAY KOIRA):HARIKANASSOU:BOBOYE-3,123,0.47967479,33.772358,0,1,100740
HARIKANASSOU (DJERMAKOYE K...):HARIKANASSOU:BOBOYE-3,119,0.48739496,30.655462,1,5,107929.5
HEDA FARAKA:KOFFO:BOBOYE-4,87,0.49425286,30.402298,1,2,73544
HERA KOUARA:TEGUEZE KOIRA:LOGA-2,153,0.54901963,31.496733,0,9,103406.5
HINTCHINKOYE KOIRA:TEGUEZE KOIRA:LOGA-2,198,0.50505048,29.055555,1,17,132284
ILLADE:BIRNI:BOBOYE-1,117,0.46153846,32.811966,0,4,83712.5
KABERI:FALWEL:LOGA-1,72,0.5138889,31.125,0,3,46753
KABOBOYE:SABOULA:BOBOYE-5,92,0.5,30.695652,0,2,67890.5
KABOE KOIRA:FALWEL:LOGA-1,297,0.46127945,31.488216,1,21,194105.5
KALAAPO:SABOULA:BOBOYE-5,55,0.45454547,31.363636,1,4,34994.5
KALEY DEY:LOGA:LOGA-2,35,0.48571429,32.771427,0,2,29782
KALLA BERI:KIOTA:BOBOYE-3,154,0.51298702,32.285713,0,1,114300
KALLA PATHE:KIOTA:BOBOYE-3,119,0.47058824,30.705883,1,3,91853.5
KALLA PEULH:KIOTA:BOBOYE-3,80,0.42500001,30.4125,1,0,61505.5
KALLEY DAOUDA:MALLAN KOIRA:LOGA-2,109,0.39449543,29.293577,1,2,68167
KALLEY DEY BERI:BAMEY:LOGA-1,209,0.57416266,32.44976,0,10,163958.5
KALLEY DEY KAINA:BAMEY:LOGA-1,119,0.55462188,31.243698,0,6,94571
KALLEY FALWEL:MALLAN KOIRA:LOGA-2,119,0.54621851,30.647058,0,4,75816.5
KALLEY TASSI:KOTAKI:BOBOYE-4,122,0.56557375,31.204918,0,5,79031
KALLEY:MOUSSADEY BERI:LOGA,204,0.5147059,35.269608,1,11,161997.5
KAMBA DEY:LOGA:LOGA-2,167,0.55688626,30.880239,0,8,116741.5
KAMBE KOUBI:BOSSIA:BOBOYE-1,81,0.39506173,29.765432,1,7,54154.5
KANKANDI:KANKANDI:BOBOYE-3,248,0.56451613,31.185484,1,5,173531
KAREY KOPTO:BOSSIA:BOBOYE-1,173,0.47398844,30.248554,0,19,107828
KARRA BANDA:KANKANDI:BOBOYE-3,72,0.6388889,30.263889,0,5,47533
KATANGA:KOURO BERI:LOGA-1,188,0.50531918,31.05851,0,7,114805
KATO-KOIRA:SARGADJI:LOGA-2,81,0.55555558,33.209877,0,7,66474
KAWARA:HAOULAWAL:BOBOYE-3,106,0.49056605,31.603773,1,4,77194
KIBBA ADAMOU:KOSSEY:LOGA-1,101,0.56435645,31.425743,0,8,67066.5
KIBBA TOMBO:KOSSEY:LOGA-1,138,0.54347825,32.391304,0,17,91626
KIKIRIYA:FALMEY:BOBOYE-2,89,0.51685393,30.337078,0,5,61412
KIOTA OUMAROU (KIOTA:KIOTA:BOBOYE-3,310,0.52258062,30.103226,1,7,236566
KIOTA OUMAROU PEULH:KIOTA:BOBOYE-3,72,0.45833334,30,1,1,60258
KIRIKOYE:TONKOSSARE:BOBOYE-5,132,0.49242425,30.666666,1,1,43870.5
KISSIN KISSIN:KIOTA:BOBOYE-3,81,0.54320985,27.148148,1,6,55466.5
KO B A KOIRA:FALWEL:LOGA-1,227,0.49339208,31.748899,0,19,148262.5
KO DEY:MALLAN KOIRA:LOGA-2,260,0.52307695,30.503845,1,11,167045
KO DO:KOFFO:BOBOYE-4,308,0.5616883,31.629869,1,8,178154
KO IRA MAYAKI:TINOMA:BOBOYE-5,113,0.56637168,32.513275,0,3,75712.5
KOBA DO:KOBODEYE:BOBOYE-3,47,0.36170211,31.829786,0,4,33366.5
KOBARDJIKOYE:KOGOU:LOGA-1,118,0.50847459,31.415255,0,6,81677.5
KOBE KIRE:ZOUZOU BERI:BOBOYE,92,0.53260869,29.923914,1,6,72675
KOBEDEY:KOBODEYE:BOBOYE,352,0.53125,30.980114,1,14,249165
KOBERI (gorkodey):TOULLOU MAIMASSA:LOGA-2,67,0.47761193,31.268656,0,2,46179.5
KOBERI BANI KOUBEY:KOYGOLO:BOBOYE-4,99,0.49494949,31.262627,0,4,76720.5
KOBIMADE:TOULLOU MAIMASSA:LOGA-2,114,0.45614034,28.81579,0,8,74093
KOBIRI GARBA:KOYGOLO:BOBOYE-4,195,0.48205128,31.71282,0,7,143860
KOBOLLO ELHADJE DEY:KOSSEY:LOGA-1,96,0.54166669,32.958332,1,6,68717.5
KOBOLLO YAMBA:KOSSEY:LOGA-1,96,0.51041669,31.229166,1,6,63970
KODJALEY:KOFFO:BOBOYE-4,65,0.60000002,34.49231,1,6,55994
KOFITI:AYO KOIRA:LOGA-1,159,0.49685535,32.767296,1,6,108034
KOFO:KOFFO:BOBOYE-4,126,0.46825397,30.968254,1,4,96139
KOFOUNO:TINOMA:BOBOYE-5,159,0.55974841,28.232704,0,8,126787
KOGOROU:SARGADJI:LOGA-2,183,0.52459013,31.169399,1,4,145117
KOGOU:KOGOU:LOGA-1,377,0.50132626,31.618036,0,23,248086.5
KOHINZA:TINOMA:BOBOYE-5,62,0.41935483,29.483871,1,1,45291
KOIRA HABI:TINOMA:BOBOYE-5,112,0.58928573,31.464285,0,3,84266.5
KOIRA TEGUI:LOGA:LOGA-2,347,0.4870317,30.048992,0,25,245003.5
KOISSI HAOUSSA:KOISSI:BOBOYE-4,83,0.48192772,28.578314,0,3,69573.5
KOKIREY KOUARA TEGUI:KOKIRE MODI:LOGA-1,109,0.52293581,29.449541,0,10,76609
KOKIREY MODI:KOKIRE MODI:LOGA-1,294,0.47619048,31.795918,1,19,191732.5
KOKIREY PEULH:KOKIRE MODI:LOGA-1,18,0.5,32.444443,0,0,13753
KOKOIRA MODI:FALWEL:LOGA-1,143,0.56643355,30.601398,0,18,94926.5
KOKORBE:SARGADJI:LOGA-2,352,0.49715909,31.727272,1,13,277989
KOKOSSORMA:FANDOU:BOBOYE-2,156,0.68589741,30.615385,0,6,112612.5
KOKOUKOU:FALWEL:LOGA-1,144,0.54166669,33.548611,0,5,90862
KOLABOSSEYE:KOYGOLO:BOBOYE-4,132,0.57575756,30.583334,1,4,94779
KOLBOU DJERMA:KIOTA:BOBOYE-3,378,0.54232806,31.298943,1,17,296412.5
KOLBOU PEULH:KIOTA:BOBOYE-3,64,0.5625,31.671875,1,4,48964.5
KOLOMKOLOM ALFA:KOISSI:BOBOYE-4,80,0.58749998,28.825001,0,10,58077
KOLOMKOLOM:KOISSI:BOBOYE-4,41,0.56097561,29.682926,0,3,32580
KOMA GUINDIBERI:KOURINGUEL:BOBOYE-4,95,0.54736841,30.4,1,3,71687.5
KOMABARMA:BOSSIA:BOBOYE-1,83,0.51807231,28.481928,1,4,55693.5
KOMAGUINDI PEULH:KOURINGUEL:BOBOYE-4,77,0.50649351,34.168831,1,1,52083.5
KOMAGUINDI ZOU:KOURINGUEL:BOBOYE-4,104,0.42307693,28.5,1,2,77287.5
KOMDILLI BERI:MOUSSADEY BERI:LOGA-2,207,0.49758455,32.106281,1,14,176798
KOMDILLI DAREY:MOUSSADEY BERI:LOGA,266,0.556391,32.492481,1,14,222531
KONA:FALWEL:LOGA-1,117,0.58974361,29.512821,0,11,76408.5
KONGORE PEULH:KOYGOLO:BOBOYE-4,62,0.48387095,33.209679,1,2,44772.5
KOPTCHITANDA KAINA:GUILLADJE:BOBOYE-2,114,0.43859649,27.850878,0,6,87028
KORON KASSA DJAOUBE:KARRA:BOBOYE-3,77,0.54545456,32.441559,0,6,75613
KORONKASSA DJERMA:KARRA:BOBOYE-3,115,0.42608696,32.008698,1,5,81141
KORONKASSA PEULH:KARRA:BOBOYE-3,200,0.5,33.68,0,12,146230.5
KOSSEY GOROU:FALWEL:LOGA-1,98,0.55102038,30.540817,1,4,60710.5
KOSSEY KOY KOIRA (longro KK):LOGA:LOGA-2,98,0.55102038,29.387754,1,3,69225.5
KOSSEY:KOSSEY:LOGA-1,490,0.48367348,30.479591,1,15,334967
KOUANIA KOIRA:KANKANDI:BOBOYE-3,53,0.50943398,28.981133,0,0,38291.5
KOUARA TAGUI:KOFFO:BOBOYE-4,108,0.5925926,31.703703,0,9,89281.5
KOUASSI PEULH:KOISSI:BOBOYE-4,186,0.44623655,29.634409,1,9,128884
KOUBOU KOIRA DJERMA:GOUBEZENO:BOBOYE-2,76,0.60526317,30,1,3,59412
KOUBOUBANGOU (BATOURE):KOKIRE MODI:LOGA-1,171,0.47953215,29.818714,0,11,123271.5
KOUBOUBANGOU:KOKIRE MODI:LOGA-1,108,0.51851851,33.129631,0,6,68536
KOUBOUBI KOURA:TINOMA:BOBOYE-5,209,0.42583731,32.29665,1,6,171953.5
KOUBOUBO SORI:HARIKANASSOU:BOBOYE-3,161,0.57763976,33.577641,0,6,145880.5
KOUDA GANDE:BIRNI:BOBOYE-1,90,0.54444444,27.51111,0,6,70540.5
KOUDJE BERI:FALMEY:BOBOYE-2,121,0.5289256,32.099174,1,3,73928
KOULOU DJERMA:GOUBEZENO:BOBOYE-2,149,0.55704701,31.221476,1,8,98412
KOULOU PEULH (GAO:GOUBEZENO:BOBOYE-2,55,0.45454547,30.927273,1,2,44700.5
KOUMBOU GONI KOIRA:KOISSI:BOBOYE-4,125,0.54400003,26.32,1,16,101250.5
KOUNBOURFOU:BOSSIA:BOBOYE-1,109,0.61467892,26.926605,1,4,82698.5
KOUNTOURE (KOULOU:GOUBEZENO:BOBOYE-2,49,0.65306121,33.408165,0,4,38123
KOURA PEULH:SABOULA:BOBOYE-5,33,0.4848485,27.272728,0,3,21768.5
KOURA:SABOULA:BOBOYE-5,55,0.5272727,31.963636,0,3,34056
KOUREY KOY KOIRA:KOYGOLO:BOBOYE-4,76,0.53947371,32.61842,1,0,60006
KOURFARE:HAOULAWAL:BOBOYE-3,262,0.48091602,28.889313,1,11,204825.5
KOURINGUEL MAYAKI:KOURINGUEL:BOBOYE-4,173,0.52023119,34.265896,0,9,143277
KOURO BERI:KOURO BERI:LOGA-1,123,0.56097561,31.943089,0,2,76029
KOURO KAINA:KOURO BERI:LOGA-1,144,0.45833334,31.881945,1,5,88426.5
KOUSSA KOIRA:TEGUEZE KOIRA:LOGA-2,127,0.57480317,31.362206,1,7,80448
KOUSSA LABOU:SABOULA:BOBOYE-5,178,0.43820226,29.151686,0,5,119575
KOUTOU KOIRA:LOGA:LOGA-2,325,0.56615382,30.430769,0,25,230650.5
KOYDOU PEULH:YENI:BOBOYE-5,42,0.59523809,31.595238,1,1,28812
KOYKONA KOIRA:FALWEL:BOBOYE,313,0.42172524,32.153355,1,18,213182.5
LABI TOUNGA:TINOMA:BOBOYE-5,44,0.63636363,32.863636,1,3,28447
LABOUDDA:KOURO BERI:LOGA-1,142,0.55633801,30.007042,1,12,95075.5
LADAN DEY:KOURO BERI:LOGA-1,127,0.44094488,30.007874,1,11,101989
LADANEDJI DJERMA:TONKOSSARE:BOBOYE-5,328,0.56402439,29.911585,1,6,195036.5
LADENEDJO PEULH:TONKOSSARE:BOBOYE-5,87,0.42528737,33.563217,1,3,57398
LAOUGOUMBI:KOGOU:LOGA-1,178,0.54494381,31.073034,1,4,121933
LARA:FABIDJI:BOBOYE-2,64,0.578125,29.40625,1,7,40193.5
LOGA PEULH:LOGA:LOGA-2,4,0.5,39,1,0,2772
LONGUERI:BELANDE:BOBOYE-1,112,0.5089286,30.017857,1,5,62397.5
LOUGA I:TINOMA:BOBOYE-5,93,0.41935483,30.333334,0,2,68639.5
LOUGA III:TINOMA:BOBOYE-5,59,0.57627118,29.559322,1,2,39343.5
LOUGOUDJAM BORNO:BELANDE:BOBOYE-1,178,0.51123595,30.320225,0,7,85760.5
LOUGOUDJAM:BELANDE:BOBOYE-1,160,0.51875001,29.456249,1,4,100073
LOULOUDJE DJERMA:TINOMA:BOBOYE-5,257,0.5252918,31.163424,1,12,231265
LOULOUDJE PEULH:TINOMA:BOBOYE-5,45,0.48888889,37.222221,1,0,32658.5
LOUMBOU LOUMBOU:FABIDJI:BOBOYE-2,147,0.46938777,29.605442,0,8,84471
LOUTOU KOIRA:LOGA:LOGA-2,137,0.44525549,31.014599,0,8,102280
M BALLA DAOUDA:TOULLOU MAIMASSA:LOGA-2,127,0.48818898,31.417322,1,5,76061.5
M BALLA DJIBRILLA:TOULLOU MAIMASSA:LOGA-2,157,0.52229297,30.394905,0,4,104073.5
MADINA (toulou):TOULLOU MAIMASSA:LOGA-2,110,0.5,29.49091,1,7,72816.5
MADINA:KOFFO:BOBOYE-4,49,0.40816328,30.714285,1,0,32422
MADOU:MADOU:LOGA-2,403,0.52605456,33.012405,0,15,315002.5
MAILAREYE ZARMA:KIOTA:BOBOYE-3,135,0.53333336,33.207409,0,5,95953.5
MAITCHIGO:MALLAN KOIRA:LOGA-2,84,0.42857143,30.702381,1,4,60696
MAITOURARE (dey):KOGOU:LOGA-1,82,0.42682928,31.682926,0,6,49453.5
MALAM KOIRA:TONKOSSARE:BOBOYE-5,96,0.42708334,31.010416,0,4,65406.5
MALLAM KO IRA:MALLAN KOIRA:LOGA-2,392,0.48979592,30.854591,0,12,258836.5
MAOULEZEY KOIRA:KOISSI:BOBOYE-4,44,0.38636363,29.136364,0,4,32081.5
MAOUREY DEY (Bani tombo):AYO KOIRA:LOGA-1,100,0.47,29.27,0,5,70812
MAOUREY DEY (tegoize koira):TEGUEZE KOIRA:LOGA-2,108,0.50925928,28.398148,1,2,68631.5
MAOUREYDO:KOYGOLO:BOBOYE-4,56,0.5535714,29.053572,0,1,45390.5
MARAFA KOUARA:TEGUEZE KOIRA:LOGA-2,252,0.49603173,30.59127,0,19,157788
MARGOU GANDA:BIRNI:BOBOYE-1,80,0.52499998,27.975,1,1,53019
MARIKO:KOSSEY:LOGA-1,80,0.5625,28.75,0,12,51606
MAROU BERI SEKOU:KOFFO:BOBOYE-4,129,0.55813956,30.511627,0,12,101340.5
MAROU BERI TAGUI:KOFFO:BOBOYE-4,380,0.55526316,31.902632,1,9,274360
MARR KOIRA ZENO:KOURO BERI:LOGA-1,52,0.48076922,27.346153,0,5,31686
MAYA KOIRA:KANKANDI:BOBOYE-3,51,0.627451,25.019608,1,1,39090.5
MAYAKI-KOIRA:SARGADJI:LOGA-2,178,0.48876405,32.657303,1,9,126697
MENE:BIRNI:BOBOYE-1,68,0.41176471,33.632355,1,3,41892.5
MIDOUWARA:SARGADJI:LOGA-2,106,0.53773582,34.301888,0,4,75239.5
MILLEY DO:KARRA:BOBOYE-3,136,0.46323529,32.551472,0,5,83106.5
MINGUI PEULH:KOBODEYE:BOBOYE-3,42,0.59523809,32.190475,0,2,27163
MINGUI:KOBODEYE:BOBOYE-3,63,0.46031746,29.619047,1,4,45374
MISSIRA:KOISSI:BOBOYE-4,43,0.62790698,32.860466,0,1,32232.5
MOUSSA DEY KAINA:TEGUEZE KOIRA:LOGA-2,339,0.50147492,31.923304,1,16,221420
N'GONGA PEULH:TINOMA:BOBOYE-5,100,0.44,31.440001,0,7,77664.5
N'GONGA ZARMA:TINOMA:BOBOYE-5,258,0.50775194,28.589148,1,10,177077
NATANGOU:GUILLADJE:BOBOYE-2,18,0.55555558,31.666666,0,3,14579
NAZAMNE (BOUKI):BOUKI:LOGA-1,304,0.50986844,32.200657,1,12,259528.5
NAZAMNE (KIOTA):KIOTA:BOBOYE-3,151,0.52980131,29.013245,1,5,121685
NIABERE BELLA:HARIKANASSOU:BOBOYE-3,122,0.57377046,30.237705,1,0,115208
NIABERE DJAMBE:KOURINGUEL:BOBOYE-4,187,0.52941179,32.759357,1,9,170723.5
NIABERE KAINA:HARIKANASSOU:BOBOYE-3,215,0.46976745,30.995348,0,12,150489
NIABERE MOULAY:HARIKANASSOU:BOBOYE-3,250,0.456,33.220001,0,10,166134
NIABERE PEULH:HARIKANASSOU:BOBOYE-3,141,0.55319148,32.631207,1,3,109360.5
NIAMODEY:BELANDE:BOBOYE-1,88,0.47727272,29.738636,0,1,61065.5
NILLEY KO IRA:KIOTA:BOBOYE-3,61,0.54098362,29.819672,1,2,50799
NOTINGEL (MOUMBENA):ZOUZOU BERI:BOBOYE,197,0.47715735,29.918781,1,16,133582
OUDE ALI (OUDE ZARMA):KIOTA:BOBOYE-3,94,0.61702126,27.457447,1,3,63594
OUDE ALI PEULH:KIOTA:BOBOYE-3,69,0.49275362,31.231884,1,2,53930.5
OUDE DOURFAI PEULH:KIOTA:BOBOYE-3,18,0.3888889,39,1,0,24706
OUDE SEYDOU:KIOTA:BOBOYE-3,148,0.5,34.905407,1,4,105631
OULEY:BIRNI:BOBOYE-1,85,0.52941179,31.917646,1,3,61015
OULHALE DJERMA:KOURINGUEL:BOBOYE-4,56,0.44642857,31.5,0,2,60899
OURGAL:KARRA:BOBOYE-3,36,0.5,34.555557,0,4,36153.5
PEULH NORD II:FALWEL:LOGA-1,20,0.44999999,32.25,0,1,13866
POUNGA:ZOUZOU BERI:BOBOYE-5,278,0.5143885,31.226618,1,15,184192
RODJI ALFA OUSMAN:FABIDJI:BOBOYE-2,47,0.55319148,31.872341,1,1,30580.5
RODJI PEULH:FABIDJI:BOBOYE-2,253,0.51778656,29.450592,1,16,150280.5
ROND POINT (ROND POINT GENDARM:KOTAKI:BOBOYE-4,51,0.52941179,31.921568,0,5,33132.5
SADAN KOIRA:GUILLADJE:BOBOYE-2,27,0.55555558,25.407408,1,1,18071.5
SAFA DOUNGOUMI:ZOUZOU BERI:BOBOYE-5,162,0.61728394,31.950617,0,3,94732
SAFA KAINA (BABA SIDI:YENI:BOBOYE-5,96,0.55208331,33.21875,0,4,103001.5
SAFA PATCHAK (SISSIRO:YENI:BOBOYE-5,181,0.57458562,28.016575,0,4,129185
SAFA PATCHAK PEULH:YENI:BOBOYE-5,62,0.54838711,32.69355,0,2,53241
SAKALA GONGA ZARMA:BOSSIA:BOBOYE-1,83,0.44578314,29.710844,1,3,60724.5
SAKALA GONGA:BOSSIA:BOBOYE-1,184,0.43478259,28.798914,1,11,83706.5
SAKARA:TONKOSSARE:BOBOYE-5,46,0.45652175,26.456522,0,1,34701
SAKIREY ZERMA:BIRNI:BOBOYE-1,50,0.60000002,32.240002,0,1,31967.5
SAKOUARA:KOURO BERI:LOGA-1,143,0.47552449,30.202797,0,8,96227.5
SAM E Y KO IRA (KALEY TASSI SA:KOTAKI:BOBOYE-4,93,0.50537634,28.666666,1,6,63073
SAMBA KOIRA:KANKANDI:BOBOYE-3,148,0.46621621,30.006756,0,13,101100
SAMBO KOIRA:TEGUEZE KOIRA:LOGA-2,78,0.55128205,30.679487,1,4,48124.5
SAMDE MOUSSA:HARIKANASSOU:BOBOYE-3,51,0.56862748,33.882355,0,1,44231.5
SANDA KOIRA:GUILLADJE:BOBOYE-2,34,0.61764705,28.852942,0,1,20225
SANSARE:GUILLADJE:BOBOYE-2,75,0.44,33.133335,0,3,42158
SARKI DEY:KOSSEY:LOGA-1,34,0.32352942,31.735294,1,1,26884.5
SARKIN NOMA KOIRA:FALWEL:BOBOYE,147,0.45578232,28.591837,1,17,111444.5
SE KO DEY:KOURO BERI:LOGA-1,108,0.47222221,31.703703,1,7,65256.5
SENO PEULH:BIRNI:BOBOYE-1,98,0.52040815,34.132652,1,2,50989
SETTI 2:BIRNI:BOBOYE-1,53,0.47169811,36.452831,0,1,23063.5
SILINKE:BIRNI:BOBOYE-1,217,0.48847926,31.562212,1,4,101611.5
SILLIA:BIRNI:BOBOYE-1,44,0.45454547,35.159092,1,0,32859.5
SINSAN ISSAKA:SOKORBE:LOGA-2,126,0.56349206,31.626984,0,6,100434.5
SINSAN KOIRA TAGUI:SOKORBE:LOGA-2,65,0.44615385,31.184616,1,4,51457.5
SINSAN KOUARAZENO:SOKORBE:LOGA-2,121,0.54545456,31.231405,0,4,100007.5
SINSANE BANGOU:FABIDJI:BOBOYE-2,48,0.54166669,29.75,0,3,25141.5
SIRA LELESSO:FABIDJI:BOBOYE-2,73,0.46575344,29.534246,0,3,46729.5
SIRA:FABIDJI:BOBOYE-2,61,0.47540984,33.557377,0,3,35476
SONGAI KOIRA:GUILLADJE:BOBOYE-2,20,0.40000001,26.75,0,0,13727.5
SORI KOIRA DABAGA:SABOULA:BOBOYE-5,137,0.5182482,29.905109,1,9,86384
SORI KOIRA ZENO:SABOULA:BOBOYE-5,55,0.45454547,32.072727,0,1,30701
SORKO TOMBO:LOGA:LOGA-2,78,0.41025642,30.320513,1,4,49340
SORKO:LOGA:LOGA-2,205,0.50243902,31.751219,1,15,138693
SOSSO BANGOU:HAOULAWAL:BOBOYE-3,186,0.53763443,27.290323,1,7,158582.5
SOUDA AHIJO:KANKANDI:BOBOYE-3,138,0.54347825,31.050724,0,6,100438.5
SOUDA ALFAGA KOIRA:BELANDE:BOBOYE-1,58,0.56896549,32.189655,0,2,41905.5
SOUDA ANABO:KANKANDI:BOBOYE-3,61,0.49180329,27,0,4,43634
SOUDA HAINI BABA:BELANDE:BOBOYE-1,74,0.55405408,32.013512,0,5,45676
SOUDA PEULH:KANKANDI:BOBOYE-3,95,0.46315789,32.326317,0,6,76991.5
SOUDJEY DEY:BOUKI:LOGA-1,111,0.45945945,32.18919,0,4,98109.5
SOUMANA DEY:KOSSEY:LOGA-1,69,0.47826087,31.231884,0,4,51256.5
SOUNTA DEY:SARGADJI:LOGA-2,74,0.54054052,31.756756,0,3,59752.5
SOURGOUROU:KOURINGUEL:BOBOYE-4,67,0.56716418,29.880596,1,2,47176
TADE DJERMA (TADE BERI):GOUBEZENO:BOBOYE-2,167,0.43712574,29.407187,0,6,133871
TADE GOROU (IDI BERI KOIRA):GOUBEZENO:BOBOYE-2,53,0.4528302,31.773584,0,1,41415
TADE PEULH (TADE KAINA):GOUBEZENO:BOBOYE-2,122,0.53278691,29.262295,1,3,83461
TAIFA:FABIDJI:BOBOYE-2,64,0.53125,29.71875,0,8,37150
TAKARE:KOURO BERI:LOGA-1,84,0.44047618,32.690475,0,5,50876
TALANTEGOU I:BOSSIA:BOBOYE-1,74,0.45945945,29.405405,0,6,45133
TALLADJE:TEGUEZE KOIRA:LOGA-2,86,0.5,27.39535,1,10,57367.5
TALLADJEYE:KOYGOLO:BOBOYE-4,79,0.5316456,34.658226,1,0,57670
TALLAWOUL:BELANDE:BOBOYE-1,392,0.4872449,30.045918,1,11,251214.5
TAMBOBALLEY:KOFFO:BOBOYE-4,48,0.60416669,26.458334,1,3,46706
TAMKALA GORKO:BIRNI:BOBOYE-1,206,0.48058254,32.864079,1,1,132119
TAMKALA SOPPODOU:BIRNI:BOBOYE-1,59,0.50847459,33.542374,1,4,35348
TANGOU KOIRA:TEGUEZE KOIRA:LOGA-2,166,0.57228917,31.873493,1,14,108978
TANNA BERI:KOBODEYE:BOBOYE,299,0.55183947,30.217392,0,28,219337
TANNA KAINA:KOBODEYE:BOBOYE-3,240,0.47499999,32.079166,1,20,167236.5
TASSIBON DJERMA:GUILLADJE:BOBOYE-2,74,0.5945946,29.608109,0,5,55250
TASSIYA:SARGADJI:LOGA-2,108,0.55555558,34.203705,0,7,86547.5
TASSOGA:KOISSI:BOBOYE-4,53,0.41509435,28.037735,1,3,40989.5
TCHAFALKOLI (KO HINZA):GOUBEZENO:BOBOYE-2,71,0.52112675,31.535212,1,2,56957
TCHAIGAWA:BIRNI:BOBOYE-1,104,0.47115386,30.163462,1,4,66152
TCHAMEY ZAMAY DO:BELANDE:BOBOYE-1,78,0.57692307,30.666666,0,4,48962
TCHANGA KOIRA:KOTAKI:BOBOYE-4,62,0.51612902,30.241936,0,2,40479.5
TCHANGUE:GUILLADJE:BOBOYE-2,166,0.54216868,27.939758,1,5,64027
TCHANTCHOGA PEULH:TONKOSSARE:BOBOYE-5,156,0.47435898,29.564102,1,1,87841.5
TCHANTIOGA ZARMA:TONKOSSARE:BOBOYE-5,156,0.6025641,33.141026,1,2,102649.5
TCHEDE BONHAMNI:TINOMA:BOBOYE-5,109,0.50458717,32.321102,0,5,89431.5
TCHENA ( PEULH):KOTAKI:BOBOYE-4,24,0.41666666,39,0,0,11707
TCHENA (GUILLADJE):GUILLADJE:BOBOYE-2,55,0.47272727,25.727272,1,0,37949.5
TCHERANGUI:BIRNI:BOBOYE-1,82,0.43902439,30.060976,0,4,56873.5
TCHIAMBOU GUINDE:BOUKI:LOGA-1,72,0.56944442,32.472221,1,1,55645.5
TCHINDJEWA (DEY):SOKORBE:LOGA-2,105,0.51428574,30.771429,1,6,96308
TCHOULLANDE KAINA:YENI:BOBOYE-5,21,0.33333334,30.380953,0,0,17382
TEGOIZE KOIRA:TEGUEZE KOIRA:LOGA-2,76,0.43421054,32.263157,1,4,47822
TIGUEY-PEULH:BELANDE:BOBOYE,94,0.46808511,31.946808,0,9,53258
TIGUEYE:BELANDE:BOBOYE-1,268,0.58208954,30.63806,1,10,169077
TIHORE PEULH:FABIDJI:BOBOYE-2,83,0.50602412,30.325302,0,0,47996
TIHORE:FABIDJI:BOBOYE-2,134,0.57462686,29.380596,0,6,84637.5
TILLI KERI:MALLAN KOIRA:LOGA-2,67,0.49253732,30.820896,0,4,44908.5
TINOMA:TINOMA:BOBOYE-5,186,0.51612902,30.688171,0,2,114341.5
TIOULAN:KOSSEY:LOGA-1,96,0.46875,30.802084,1,4,75394.5
TOLE (BERI):KOSSEY:LOGA-1,75,0.53333336,28.666666,0,6,47231
TOMBO ( Ganda):LOGA:LOGA,411,0.42335767,41.223843,0,4,238379
TOMBO BALLEY DJERMA:KOFFO:BOBOYE-4,123,0.47154471,29.796747,0,3,88856
TOMBO BALLEY SEMO:KOFFO:BOBOYE-4,132,0.54545456,31.969696,1,1,71446.5
TOMBO HASSANE:FABIDJI:BOBOYE-2,98,0.5,30.05102,0,5,63345.5
TOMBO PEULH:KIOTA:BOBOYE-3,60,0.46666667,30.716667,0,0,37996
TOMBO TAMEYE:KOSSEY:LOGA-1,162,0.51234567,33.092594,0,11,112296.5
TON DO 1:FABIDJI:BOBOYE-2,417,0.47721821,28.582733,0,38,247971.5
TON DO 2:FABIDJI:BOBOYE-2,42,0.5,23.214285,0,3,23545.5
TON KOSSAREY ZARMA:TONKOSSARE:BOBOYE-5,47,0.5106383,34.553192,0,2,34753.5
TONDI BABA FARI:MOUSSADEY BERI:LOGA-2,54,0.3888889,35.5,1,1,45572
TONDI KOUREY:KANKANDI:BOBOYE-3,43,0.58139533,31.465117,0,3,32209.5
TONKOSSAREY PEULH:TONKOSSARE:BOBOYE-5,39,0.58974361,34.76923,0,1,22396
TOUDOROU:BELANDE:BOBOYE-1,81,0.50617284,30.802469,1,1,57788
TOUGAY:DARSALAM:LOGA-1,40,0.375,29.775,1,2,29510.5
TOULOU KAOUREY:DARSALAM:LOGA-1,170,0.51764709,28.064707,1,10,124052.5
TOUNFALIS YACOUBA:TOULLOU MAIMASSA:LOGA-2,95,0.47368422,29.547369,1,3,65393.5
TOUNGA BALLEY:HARIKANASSOU:BOBOYE-3,64,0.5625,29.46875,1,1,35292
TOUNGA GUINGO:BOSSIA:BOBOYE-1,84,0.4642857,28.011906,0,8,59903
TOUNGA YAMBA ( SOUDA BERI):KANKANDI:BOBOYE-3,62,0.58064514,32,1,3,39225
TOUNGA:GUILLADJE:BOBOYE-2,59,0.61016947,31.20339,0,6,39759.5
TOUREY BON:DARSALAM:LOGA-1,77,0.48051947,31.935064,1,6,49751
TOUROU TOUROU KOIRA:BELANDE:BOBOYE-1,358,0.56983238,29.368715,0,15,226927
WADATA:TEGUEZE KOIRA:LOGA-2,216,0.55555558,29.162037,1,16,138084
WALA TANOU:BIRNI:BOBOYE-1,92,0.52173913,30.652174,1,2,57693
WALI KOIRA:LOGA:LOGA-2,79,0.48101267,29.379747,0,7,50153.5
WANZAM KOIRA:LOGA:LOGA-2,116,0.51724136,29.965517,0,2,73279.5
WAZEY (BATCHAKA):SOKORBE:LOGA-2,110,0.55454546,33.109093,1,4,78765.5
WAZEY BOUNGA:KOFFO:BOBOYE-4,58,0.60344827,28.758621,1,0,28920
WAZEY DABA BANDA:KOFFO:BOBOYE-4,24,0.5,29.375,0,3,35531.5
WAZEY SOUDINGA:KOFFO:BOBOYE-4,40,0.34999999,30.6,1,2,31553.5
WAZEY:KOFFO:BOBOYE-4,58,0.60344827,30.068966,1,1,57236
WAZIRI KOIRA:LOGA:LOGA-2,143,0.56643355,32.055943,1,3,113024
WERE DJATAME (DJERMA):HAOULAWAL:BOBOYE-3,68,0.45588234,31.102942,0,4,51057
WINDE:BIRNI:BOBOYE-1,41,0.41463414,35.756096,0,2,28928.5
WINDI BAGO:BELANDE:BOBOYE-1,305,0.47540984,32.380329,1,7,179376
YAGARMEYE:KOYGOLO:BOBOYE-4,61,0.55737704,37.47541,1,2,47192
YEDA:KOYGOLO:BOBOYE-4,353,0.47875354,32.37677,0,17,245787.5
YELEO:BIRNI:BOBOYE-1,115,0.5043478,31.852175,0,0,48693
YELLA KAINA:TONKOSSARE:BOBOYE-5,72,0.55555558,31.347221,1,3,49232.5
ZABIA KOIRA:TEGUEZE KOIRA:LOGA-2,325,0.50153846,30.344616,0,14,209745
ZAGORE:HARIKANASSOU:BOBOYE-3,108,0.47222221,32.814816,0,4,93804
ZAMAN LAHIYA:MALLAN KOIRA:LOGA-2,62,0.40322581,31.370968,0,1,35626
ZAMEYDO:KOYGOLO:BOBOYE-4,16,0.5625,35.4375,0,1,9366.5
ZAMTOURI KOUKOU:TEGUEZE KOIRA:LOGA-2,34,0.41176471,29.205883,0,2,24079.5
ZAWATA N'DOGA (ZAWA FANDOGA):BIRNI:BOBOYE-1,107,0.50467288,32.037384,1,3,68012.5
ZINDAROU DJERMA:ZOUZOU SANEY:BOBOYE-5,86,0.61627907,28.593023,0,6,71925
ZINDAROU PEULH (LET-GUEL):ZOUZOU SANEY:BOBOYE,68,0.5147059,26.882353,0,0,28344.5
ZONGO SARE DJERMA:TONKOSSARE:BOBOYE-5,83,0.59036142,31.987951,0,0,47406
ZONKOTO BANDA:LOGA:LOGA,128,0.59375,32.921875,1,5,88252.5
ZOU KOIRA:BOSSIA:BOBOYE-1,199,0.51256281,29.261307,0,18,137495.5
ZOUZOU SANEY PEULH:ZOUZOU SANEY:BOBOYE-5,75,0.50666666,28.92,0,1,57179.5
ZOUZOU SANEY:ZOUZOU SANEY:BOBOYE-5,364,0.5412088,30.236263,1,27,263953
ZOZO TOMBO HAROUNA:KOURO BERI:LOGA-1,286,0.48601398,30.486013,1,9,174775
ZOZO TOMBO KODA:TOULLOU MAIMASSA:LOGA-2,145,0.53103447,29.337931,0,18,96229.5
